Date,Open,High,Low,Close,Volume,Dividends,Stock Splits
2021-01-04,76.226,76.477,73.158,73.827,2305700,0.0,0.0
2021-01-05,73.911,74.487,73.613,74.041,1856700,0.0,0.0
2021-01-06,73.734,75.426,73.641,74.506,2981200,0.0,0.0
2021-01-07,75.054,76.077,74.841,75.25,2853500,0.0,0.0
2021-01-08,75.408,76.281,75.259,76.179,2704700,0.0,0.0
2021-01-11,75.528,76.319,74.292,74.497,2156600,0.0,0.0
2021-01-12,74.543,74.831,73.074,74.032,2238300,0.0,0.0
2021-01-13,75.017,75.017,73.734,74.004,2030300,0.0,0.0
2021-01-14,73.753,74.571,73.502,74.413,2360500,0.0,0.0
2021-01-15,74.022,74.915,73.613,74.59,2174400,0.0,0.0
2021-01-19,74.729,75.287,73.613,74.143,2667900,0.0,0.0
2021-01-20,75.203,76.328,74.515,76.142,2479400,0.0,0.0
2021-01-21,76.226,76.291,75.008,75.184,2209200,0.0,0.0
2021-01-22,74.431,75.24,73.902,74.887,1449600,0.0,0.0
2021-01-25,74.366,74.766,72.74,74.394,1757200,0.0,0.0
2021-01-26,74.906,74.906,73.864,73.948,2053700,0.0,0.0
2021-01-27,72.833,73.186,70.555,70.788,3936600,0.0,0.0
2021-01-28,71.54,73.781,71.262,73.344,2992800,0.0,0.0
2021-01-29,73.418,74.004,72.135,72.461,3273000,0.0,0.0
2021-02-01,73.028,73.985,72.535,73.288,3442300,0.0,0.0
2021-02-02,73.307,75.138,73.307,74.413,2738800,0.0,0.0
2021-02-03,74.171,74.487,73.204,73.753,3483800,0.0,0.0
2021-02-04,69.105,70.304,67.636,69.43,8771100,0.0,0.0
2021-02-05,69.3,70.23,68.873,69.254,4711800,0.0,0.0
2021-02-08,69.375,70.546,68.9,70.509,2498600,0.0,0.0
2021-02-09,70.481,71.531,69.923,70.797,2663000,0.0,0.0
2021-02-10,70.871,71.048,69.979,70.685,2069800,0.0,0.0
2021-02-11,70.936,72.061,70.416,71.55,3609200,0.0,0.0
2021-02-12,71.355,71.717,70.853,71.54,1880900,0.0,0.0
2021-02-16,71.578,71.903,70.75,70.75,2445800,0.0,0.0
2021-02-17,70.62,71.608,70.284,71.273,3398600,0.24,0.0
2021-02-18,71.002,71.002,69.398,69.771,4440800,0.0,0.0
2021-02-19,69.967,70.116,68.438,68.671,4082500,0.0,0.0
2021-02-22,68.316,68.979,67.86,68.307,3063800,0.0,0.0
2021-02-23,67.934,68.475,67.207,67.962,3310500,0.0,0.0
2021-02-24,67.514,69.995,66.731,69.874,2922700,0.0,0.0
2021-02-25,69.118,69.92,68.251,68.428,2786500,0.0,0.0
2021-02-26,68.867,69.324,67.682,68.522,3279800,0.0,0.0
2021-03-01,69.109,70.088,68.829,69.781,3226900,0.0,0.0
2021-03-02,69.967,70.61,69.044,69.892,3068900,0.0,0.0
2021-03-03,69.715,69.715,67.869,68.223,3406400,0.0,0.0
2021-03-04,67.999,68.96,66.918,67.514,3284200,0.0,0.0
2021-03-05,69.482,69.482,67.076,68.736,2779000,0.0,0.0
2021-03-08,67.962,69.37,67.673,67.785,3250600,0.0,0.0
2021-03-09,68.717,70.144,68.55,69.37,2767400,0.0,0.0
2021-03-10,69.631,71.095,69.603,70.89,2636800,0.0,0.0
2021-03-11,71.245,73.026,71.077,72.308,3183400,0.0,0.0
2021-03-12,71.664,72.587,71.655,72.522,2447800,0.0,0.0
2021-03-15,72.065,73.977,72.065,73.921,3003700,0.0,0.0
2021-03-16,73.678,73.762,72.587,72.793,2497500,0.0,0.0
2021-03-17,72.252,73.035,71.953,72.765,2415000,0.0,0.0
2021-03-18,72.037,72.522,70.9,71.245,2890000,0.0,0.0
2021-03-19,70.648,72.112,70.312,71.384,5658300,0.0,0.0
2021-03-22,71.739,71.86,71.077,71.552,4237300,0.0,0.0
2021-03-23,71.953,72.382,71.03,71.086,3154500,0.0,0.0
2021-03-24,71.534,72.597,71.366,71.748,3008600,0.0,0.0
2021-03-25,71.832,72.224,70.928,71.897,2935500,0.0,0.0
2021-03-26,72.019,73.977,71.748,73.893,2403600,0.0,0.0
2021-03-29,73.576,73.772,71.981,72.793,3099600,0.0,0.0
2021-03-30,72.485,73.361,72.27,73.268,2506600,0.0,0.0
2021-03-31,73.501,73.837,72.643,72.848,3573800,0.0,0.0
2021-04-01,73.604,73.977,72.867,73.557,2430400,0.0,0.0
2021-04-05,73.846,75.059,73.669,74.909,2543600,0.0,0.0
2021-04-06,73.893,74.751,73.828,74.285,2346400,0.0,0.0
2021-04-07,74.508,74.714,73.762,73.865,1750500,0.0,0.0
2021-04-08,74.173,75.32,73.958,74.658,3345300,0.0,0.0
2021-04-09,74.658,75.208,74.387,75.115,1985700,0.0,0.0
2021-04-12,74.63,75.049,74.229,74.816,2358500,0.0,0.0
2021-04-13,74.853,75.292,74.49,75.012,2371000,0.0,0.0
2021-04-14,74.667,74.928,73.93,74.098,2276500,0.0,0.0
2021-04-15,74.648,75.068,73.893,74.387,4530400,0.0,0.0
2021-04-16,74.602,75.394,74.182,75.18,3132400,0.0,0.0
2021-04-19,75.096,75.422,74.658,74.975,2664600,0.0,0.0
2021-04-20,74.881,75.059,74.033,74.238,3087500,0.0,0.0
2021-04-21,74.592,74.956,73.846,73.902,6537900,0.0,0.0
2021-04-22,72.988,73.865,72.252,73.706,4507100,0.0,0.0
2021-04-23,73.818,74.061,73.119,73.38,2392700,0.0,0.0
2021-04-26,73.389,74.285,72.802,74.191,2194500,0.0,0.0
2021-04-27,74.107,74.686,73.809,74.546,2855000,0.0,0.0
2021-04-28,74.695,75.143,73.949,74.77,3170500,0.0,0.0
2021-04-29,75.292,76.262,74.704,75.87,2249900,0.0,0.0
2021-04-30,75.627,75.637,74.564,74.975,2849100,0.0,0.0
2021-05-03,75.273,76.998,74.984,76.653,4333300,0.0,0.0
2021-05-04,76.019,76.653,75.32,75.767,3875800,0.0,0.0
2021-05-05,76.243,76.364,74.975,75.963,4092900,0.0,0.0
2021-05-06,70.144,71.832,67.291,70.051,10853300,0.0,0.0
2021-05-07,70.48,70.48,68.96,69.771,5373900,0.0,0.0
2021-05-10,69.818,70.135,68.857,69.016,4507200,0.0,0.0
2021-05-11,68.512,68.764,67.169,67.738,6519800,0.0,0.0
2021-05-12,67.095,67.487,65.855,65.957,4572200,0.0,0.0
2021-05-13,66.489,66.862,66.172,66.479,5354000,0.0,0.0
2021-05-14,66.871,67.076,66.069,66.218,8012600,0.0,0.0
2021-05-17,66.218,66.302,64.717,65.873,6510200,0.0,0.0
2021-05-18,66.116,67.011,65.593,66.181,4772000,0.0,0.0
2021-05-19,65.17,66.246,65.161,66.19,3873300,0.24,0.0
2021-05-20,66.144,67.21,65.807,66.714,4514600,0.0,0.0
2021-05-21,67.117,67.51,66.518,66.658,2473600,0.0,0.0
2021-05-24,67.135,67.266,66.434,66.527,3217900,0.0,0.0
2021-05-25,66.724,66.808,66.359,66.434,5412000,0.0,0.0
2021-05-26,66.452,66.817,66.2,66.434,3862500,0.0,0.0
2021-05-27,66.555,67.004,66.434,66.546,6254200,0.0,0.0
2021-05-28,66.948,67.238,66.34,66.958,4519800,0.0,0.0
2021-06-01,67.36,67.809,66.527,66.611,4704200,0.0,0.0
2021-06-02,66.602,66.911,66.452,66.705,3920400,0.0,0.0
2021-06-03,66.434,66.583,66.003,66.246,9907400,0.0,0.0
2021-06-04,66.546,67.004,66.406,66.901,3429600,0.0,0.0
2021-06-07,67.061,67.154,66.443,66.714,3892300,0.0,0.0
2021-06-08,66.649,67.21,66.565,66.845,2713500,0.0,0.0
2021-06-09,67.351,67.351,66.583,66.668,2507200,0.0,0.0
2021-06-10,66.733,67.051,66.321,66.593,3182600,0.0,0.0
2021-06-11,66.958,66.958,66.349,66.668,4056700,0.0,0.0
2021-06-14,66.574,66.705,65.554,66.237,6417200,0.0,0.0
2021-06-15,66.256,66.92,65.76,65.825,2975400,0.0,0.0
2021-06-16,65.947,66.275,65.199,65.507,3610800,0.0,0.0
2021-06-17,65.208,65.376,64.459,64.721,2890900,0.0,0.0
2021-06-18,64.235,64.384,63.823,63.926,5596700,0.0,0.0
2021-06-21,64.272,65.348,64.263,65.142,3633300,0.0,0.0
2021-06-22,64.908,65.208,64.665,65.058,3481300,0.0,0.0
2021-06-23,64.937,65.283,64.628,64.665,3005600,0.0,0.0
2021-06-24,65.142,65.46,64.815,65.329,2612600,0.0,0.0
2021-06-25,65.339,66.059,65.133,65.956,3585500,0.0,0.0
2021-06-28,65.928,66.125,65.414,65.638,2744400,0.0,0.0
2021-06-29,66.19,66.555,65.835,65.891,2740800,0.0,0.0
2021-06-30,65.283,65.573,64.197,64.806,3719600,0.0,0.0
2021-07-01,65.133,65.489,64.506,65.348,2689100,0.0,0.0
2021-07-02,65.685,65.769,65.068,65.133,2083900,0.0,0.0
2021-07-06,65.039,65.096,63.982,64.31,2396000,0.0,0.0
2021-07-07,64.384,64.89,64.272,64.497,2402200,0.0,0.0
2021-07-08,63.935,64.197,63.037,63.973,2534000,0.0,0.0
2021-07-09,64.197,64.796,64.094,64.693,3290000,0.0,0.0
2021-07-12,64.544,64.824,63.917,64.796,3433900,0.0,0.0
2021-07-13,64.665,64.712,63.945,64.282,2566700,0.0,0.0
2021-07-14,65.124,65.47,64.45,64.777,2750500,0.0,0.0
2021-07-15,64.562,64.787,64.235,64.403,2878600,0.0,0.0
2021-07-16,64.6,64.777,63.786,63.851,2018000,0.0,0.0
2021-07-19,63.365,63.505,61.933,62.186,3218100,0.0,0.0
2021-07-20,62.391,63.645,62.391,63.262,3008500,0.0,0.0
2021-07-21,63.318,63.627,62.944,63.393,2724800,0.0,0.0
2021-07-22,63.814,63.832,63.103,63.729,5149000,0.0,0.0
2021-07-23,64.066,65.049,64.057,64.834,2597600,0.0,0.0
2021-07-26,64.721,65.273,64.497,64.965,2935300,0.0,0.0
2021-07-27,64.862,65.554,64.132,64.684,3596500,0.0,0.0
2021-07-28,64.824,65.629,64.506,65.301,3806300,0.0,0.0
2021-07-29,70.148,71.093,69.025,69.166,7392200,0.0,0.0
2021-07-30,68.679,69.69,68.632,68.801,3393500,0.0,0.0
2021-08-02,68.829,69.559,68.408,68.932,3783900,0.0,0.0
2021-08-03,68.623,70.158,68.52,70.083,3061600,0.0,0.0
2021-08-04,69.746,70.223,68.82,68.829,3366200,0.0,0.0
2021-08-05,69.035,69.128,68.567,68.679,1949900,0.0,0.0
2021-08-06,68.539,69.044,68.174,68.305,1753800,0.0,0.0
2021-08-09,68.417,68.417,67.65,67.865,2938700,0.0,0.0
2021-08-10,67.931,68.558,67.659,68.37,2645400,0.0,0.0
2021-08-11,68.857,70.317,68.483,70.223,4288200,0.0,0.0
2021-08-12,70.195,71.833,70.12,71.599,5776700,0.0,0.0
2021-08-13,71.477,72.834,71.449,72.637,4406100,0.0,0.0
2021-08-16,72.516,72.815,71.851,72.216,2582400,0.0,0.0
2021-08-17,72.506,72.516,71.346,72.057,2564900,0.0,0.0
2021-08-18,71.608,72.628,71.505,71.739,3160100,0.0,0.0
2021-08-19,71.429,71.758,70.744,71.138,2870800,0.24,0.0
2021-08-20,70.922,72.077,70.716,71.992,2328100,0.0,0.0
2021-08-23,72.321,73.081,72.218,72.612,3818000,0.0,0.0
2021-08-24,72.434,73.316,72.152,73.222,3363300,0.0,0.0
2021-08-25,73.25,73.55,72.424,72.734,3449600,0.0,0.0
2021-08-26,72.696,72.696,71.805,72.255,2357800,0.0,0.0
2021-08-27,72.556,73.091,72.283,72.499,2266100,0.0,0.0
2021-08-30,72.631,73.044,72.105,72.133,1724400,0.0,0.0
2021-08-31,72.246,72.255,71.486,71.626,2948300,0.0,0.0
2021-09-01,71.805,72.227,71.467,72.114,2424900,0.0,0.0
2021-09-02,72.274,72.593,72.002,72.565,2038700,0.0,0.0
2021-09-03,72.368,72.368,71.739,71.852,1568500,0.0,0.0
2021-09-07,71.927,72.199,71.382,71.532,1751800,0.0,0.0
2021-09-08,71.41,72.058,71.279,71.955,2536300,0.0,0.0
2021-09-09,71.927,72.33,71.748,71.786,1849800,0.0,0.0
2021-09-10,72.049,72.415,71.514,71.579,1754900,0.0,0.0
2021-09-13,71.955,72.105,71.016,71.711,1941600,0.0,0.0
2021-09-14,72.077,72.161,70.922,71.035,1668400,0.0,0.0
2021-09-15,71.073,72.011,70.631,71.786,2681000,0.0,0.0
2021-09-16,71.786,72.143,71.335,72.049,1900200,0.0,0.0
2021-09-17,71.664,71.955,70.575,70.847,3759300,0.0,0.0
2021-09-20,70.115,70.528,69.496,70.453,2536400,0.0,0.0
2021-09-21,70.566,70.828,69.909,69.937,2322200,0.0,0.0
2021-09-22,70.378,71.091,70.237,70.763,1713200,0.0,0.0
2021-09-23,71.026,72.537,70.65,72.415,2723600,0.0,0.0
2021-09-24,72.058,73.269,72.039,72.856,2989800,0.0,0.0
2021-09-27,72.602,73.485,72.096,73.241,2884400,0.0,0.0
2021-09-28,72.94,73.053,71.504,71.673,2959500,0.0,0.0
2021-09-29,71.579,71.861,70.857,70.941,2062100,0.0,0.0
2021-09-30,71.213,71.457,69.477,69.655,2837000,0.0,0.0
2021-10-01,70.049,71.035,69.252,70.65,2395700,0.0,0.0
2021-10-04,70.387,70.81,69.364,69.777,1967400,0.0,0.0
2021-10-05,69.909,70.34,69.355,69.862,1856300,0.0,0.0
2021-10-06,69.27,70.293,68.566,69.796,2304500,0.0,0.0
2021-10-07,70.397,71.101,70.312,70.641,1516900,0.0,0.0
2021-10-08,70.519,71.335,70.472,70.857,2191500,0.0,0.0
2021-10-11,70.547,71.73,70.538,70.763,1893400,0.0,0.0
2021-10-12,70.566,71.016,70.096,70.5,2672800,0.0,0.0
2021-10-13,71.326,71.88,70.603,70.988,2720100,0.0,0.0
2021-10-14,71.579,73.025,71.579,72.696,2268000,0.0,0.0
2021-10-15,72.94,74.114,72.612,73.992,5901600,0.0,0.0
2021-10-18,73.626,74.217,73.128,74.048,2181300,0.0,0.0
2021-10-19,74.423,75.005,74.076,74.893,1758300,0.0,0.0
2021-10-20,74.714,74.874,73.485,74.301,1765100,0.0,0.0
2021-10-21,74.123,74.339,73.729,74.226,1628300,0.0,0.0
2021-10-22,74.47,74.893,74.02,74.151,1726200,0.0,0.0
2021-10-25,74.292,74.358,73.917,74.114,1600400,0.0,0.0
2021-10-26,74.423,75.315,73.851,73.917,3441600,0.0,0.0
2021-10-27,73.55,73.663,71.927,72.94,4054800,0.0,0.0
2021-10-28,75.109,76.967,71.692,72.574,5048700,0.0,0.0
2021-10-29,72.199,73.776,72.18,73.297,2616100,0.0,0.0
2021-11-01,73.213,73.635,72.922,73.213,1460600,0.0,0.0
2021-11-02,73.457,73.87,73.025,73.795,2106900,0.0,0.0
2021-11-03,73.729,75.09,72.95,74.761,2841300,0.0,0.0
2021-11-04,74.836,75.287,74.311,74.658,2257800,0.0,0.0
2021-11-05,75.09,75.972,74.771,75.005,1791900,0.0,0.0
2021-11-08,75.09,75.587,74.836,75.249,1393200,0.0,0.0
2021-11-09,75.202,75.738,74.855,75.569,1787200,0.0,0.0
2021-11-10,75.653,76.498,75.587,75.7,2253500,0.0,0.0
2021-11-11,75.916,76.554,75.634,76.094,2100000,0.0,0.0
2021-11-12,76.226,77.465,76.094,76.948,2131000,0.0,0.0
2021-11-15,77.239,77.605,76.704,76.92,2007700,0.0,0.0
2021-11-16,76.967,77.474,76.535,76.732,2006200,0.0,0.0
2021-11-17,76.376,76.704,75.493,76.019,3018800,0.0,0.0
2021-11-18,76.725,76.848,74.908,76.292,4304800,0.24,0.0
2021-11-19,76.527,77.987,75.925,77.186,4154400,0.0,0.0
2021-11-22,77.356,77.958,76.48,76.622,3135200,0.0,0.0
2021-11-23,76.339,76.763,75.275,76.028,3351500,0.0,0.0
2021-11-24,75.285,76.198,74.88,76.01,2205600,0.0,0.0
2021-11-26,75.341,75.482,73.524,73.807,1727600,0.0,0.0
2021-11-29,74.663,75.445,73.92,75.04,2404200,0.0,0.0
2021-11-30,74.889,74.984,72.931,73.411,4891600,0.0,0.0
2021-12-01,74.372,74.786,72.291,72.357,3123400,0.0,0.0
2021-12-02,72.931,75.049,72.385,74.776,3070700,0.0,0.0
2021-12-03,75.2,75.332,73.223,73.92,3494000,0.0,0.0
2021-12-06,74.814,76.527,73.91,75.991,2877900,0.0,0.0
2021-12-07,76.8,77.563,76.527,76.678,2848500,0.0,0.0
2021-12-08,76.951,77.365,76.443,76.462,2472200,0.0,0.0
2021-12-09,76.113,76.48,75.84,76.245,2160000,0.0,0.0
2021-12-10,76.49,77.459,76.49,77.29,2435900,0.0,0.0
2021-12-13,77.196,77.563,76.659,77.13,2180000,0.0,0.0
2021-12-14,76.593,77.864,76.414,77.083,2490100,0.0,0.0
2021-12-15,77.139,78.184,76.471,78.043,2938000,0.0,0.0
2021-12-16,79.352,80.34,78.721,79.719,5230400,0.0,0.0
2021-12-17,79.333,80.905,79.116,79.851,7361900,0.0,0.0
2021-12-20,78.721,79.145,77.055,78.053,2055300,0.0,0.0
2021-12-21,78.627,80.312,78.476,80.208,2186100,0.0,0.0
2021-12-22,79.945,80.933,79.86,80.867,1947200,0.0,0.0
2021-12-23,81.009,81.875,80.896,81.234,1647300,0.0,0.0
2021-12-27,81.376,83.014,81.3,82.929,1883500,0.0,0.0
2021-12-28,83.098,83.682,82.835,83.532,1516500,0.0,0.0
2021-12-29,83.484,84.802,83.334,84.341,2060900,0.0,0.0
2021-12-30,84.341,84.68,83.626,83.729,1412700,0.0,0.0
2021-12-31,83.522,83.946,83.456,83.522,1356500,0.0,0.0
2022-01-03,83.484,84.699,83.211,84.322,2673800,0.0,0.0
2022-01-04,84.322,86.638,84.303,86.064,2702700,0.0,0.0
2022-01-05,86.064,86.535,84.708,84.746,2523700,0.0,0.0
2022-01-06,84.812,85.386,82.835,83.061,3207600,0.0,0.0
2022-01-07,83.004,83.004,81.884,82.298,2755000,0.0,0.0
2022-01-10,80.896,81.668,79.917,81.602,3504400,0.0,0.0
2022-01-11,81.432,82.873,80.51,82.816,2797400,0.0,0.0
2022-01-12,83.259,84.36,82.487,82.91,2858300,0.0,0.0
2022-01-13,82.948,83.296,81.922,82.091,2556600,0.0,0.0
2022-01-14,80.961,82.195,80.933,82.091,2327000,0.0,0.0
2022-01-18,80.51,81.715,80.387,81.14,2345900,0.0,0.0
2022-01-19,81.206,81.931,80.867,80.999,2626000,0.0,0.0
2022-01-20,81.225,82.43,80.604,80.67,2453400,0.0,0.0
2022-01-21,81.122,81.837,79.201,79.323,4225700,0.0,0.0
2022-01-24,79.945,80.208,76.998,80.114,5056100,0.0,0.0
2022-01-25,79.041,79.22,77.262,77.431,3805900,0.0,0.0
2022-01-26,77.827,79.145,76.226,77.036,2866600,0.0,0.0
2022-01-27,77.497,79.013,76.537,76.998,2837800,0.0,0.0
2022-01-28,76.998,79.521,76.471,79.493,2491400,0.0,0.0
2022-01-31,79.248,80.575,78.787,80.415,4080700,0.0,0.0
2022-02-01,80.378,81.47,79.822,81.357,3224300,0.0,0.0
2022-02-02,81.291,83.249,81.234,83.07,4075600,0.0,0.0
2022-02-03,82.129,82.43,79.333,81.018,3680600,0.0,0.0
2022-02-04,80.547,82.091,79.888,81.733,3105500,0.0,0.0
2022-02-07,82.082,83.343,81.159,82.6,3003400,0.0,0.0
2022-02-08,82.6,84.2,82.411,83.946,2786300,0.0,0.0
2022-02-09,84.774,86.488,84.586,86.318,3760600,0.0,0.0
2022-02-10,84.727,87.024,84.398,84.962,3886200,0.0,0.0
2022-02-11,84.953,85.217,81.941,82.223,3480500,0.0,0.0
2022-02-14,82.279,82.411,80.001,81.187,3006700,0.0,0.0
2022-02-15,82.044,83.927,81.743,83.842,3240800,0.0,0.0
2022-02-16,83.353,84.426,82.807,84.181,3161100,0.0,0.0
2022-02-17,83.473,83.681,80.971,81.131,2800500,0.27,0.0
2022-02-18,80.961,82.17,80.952,81.547,2553000,0.0,0.0
2022-02-22,81.367,81.953,79.649,80.517,2568000,0.0,0.0
2022-02-23,80.905,81.698,79.734,79.932,2943600,0.0,0.0
2022-02-24,78.072,81.584,77.77,81.282,3855800,0.0,0.0
2022-02-25,81.481,83.171,81.159,83.133,2892500,0.0,0.0
2022-02-28,81.679,82.17,80.244,81.329,3835600,0.0,0.0
2022-03-01,80.81,81.717,79.705,81.018,3327500,0.0,0.0
2022-03-02,81.688,83.822,81.471,83.275,4074100,0.0,0.0
2022-03-03,83.794,84.672,81.981,83.029,4163700,0.0,0.0
2022-03-04,82.359,84.058,81.65,83.926,3072300,0.0,0.0
2022-03-07,83.681,84.124,81.764,81.773,4496300,0.0,0.0
2022-03-08,81.008,83.898,81.008,82.604,4234800,0.0,0.0
2022-03-09,84.011,85.267,82.755,83.057,4135700,0.0,0.0
2022-03-10,81.972,83.161,81.037,82.774,2363500,0.0,0.0
2022-03-11,83.284,84.512,83.057,83.133,3576100,0.0,0.0
2022-03-14,83.35,84.228,82.349,82.557,4156800,0.0,0.0
2022-03-15,83.227,83.586,82.038,83.256,3190100,0.0,0.0
2022-03-16,83.53,84.729,82.425,84.7,3588300,0.0,0.0
2022-03-17,84.247,85.588,83.709,85.531,2305600,0.0,0.0
2022-03-18,85.38,86.712,84.323,86.608,4435000,0.0,0.0
2022-03-21,86.221,87.127,85.749,86.296,2245100,0.0,0.0
2022-03-22,86.693,88.26,86.627,87.93,2623600,0.0,0.0
2022-03-23,87.599,87.817,85.786,85.89,2448300,0.0,0.0
2022-03-24,86.089,86.787,85.598,86.107,2768200,0.0,0.0
2022-03-25,86.221,86.504,85.022,86.41,2205900,0.0,0.0
2022-03-28,86.353,87.099,85.815,86.438,3229000,0.0,0.0
2022-03-29,86.608,87.807,86.438,87.562,2483300,0.0,0.0
2022-03-30,87.307,87.628,85.975,86.296,2254600,0.0,0.0
2022-03-31,86.117,86.721,84.663,84.672,3228100,0.0,0.0
2022-04-01,84.993,85.343,84.427,84.993,2014800,0.0,0.0
2022-04-04,85.088,85.465,84.361,85.003,2086000,0.0,0.0
2022-04-05,84.389,84.634,81.377,81.962,4007500,0.0,0.0
2022-04-06,81.197,82.5,80.782,82.066,2239700,0.0,0.0
2022-04-07,81.896,83.548,81.622,82.916,1956000,0.0,0.0
2022-04-08,82.727,84.342,82.274,84.002,2406800,0.0,0.0
2022-04-11,83.671,84.266,82.255,82.349,1882000,0.0,0.0
2022-04-12,83.086,83.728,81.074,81.292,2295900,0.0,0.0
2022-04-13,81.065,81.962,80.329,81.263,3249200,0.0,0.0
2022-04-14,81.273,81.565,79.866,80.017,2616000,0.0,0.0
2022-04-18,79.838,80.659,79.384,79.894,1570900,0.0,0.0
2022-04-19,79.63,81.159,79.63,80.961,1790100,0.0,0.0
2022-04-20,81.717,82.406,81.235,81.405,2638300,0.0,0.0
2022-04-21,81.981,83.841,81.329,81.603,2291600,0.0,0.0
2022-04-22,81.499,81.537,78.308,78.525,3160400,0.0,0.0
2022-04-25,78.525,79.809,77.921,79.753,3720600,0.0,0.0
2022-04-26,79.139,79.469,77.401,77.685,3345400,0.0,0.0
2022-04-27,77.666,79.743,77.666,78.223,3258600,0.0,0.0
2022-04-28,79.035,79.724,78.166,79.29,3233600,0.0,0.0
2022-04-29,79.101,79.318,76.363,76.391,4299600,0.0,0.0
2022-05-02,76.438,77.297,75.031,76.174,4755200,0.0,0.0
2022-05-03,76.476,77.345,76.287,77.005,3675400,0.0,0.0
2022-05-04,77.288,79.705,75.749,79.658,4087400,0.0,0.0
2022-05-05,74.361,75.607,68.45,69.498,5034000,0.0,0.0
2022-05-06,68.96,71.452,68.554,71.311,3904700,0.0,0.0
2022-05-09,70.593,73.171,70.121,72.019,4522700,0.0,0.0
2022-05-10,72.935,73.284,69.8,70.291,3435000,0.0,0.0
2022-05-11,70.423,70.508,68.091,68.346,3219700,0.0,0.0
2022-05-12,67.817,69.743,67.76,69.441,3465200,0.0,0.0
2022-05-13,69.772,70.565,68.912,69.29,3455000,0.0,0.0
2022-05-16,69.375,69.479,68.355,68.535,4430000,0.0,0.0
2022-05-17,69.677,71.094,69.545,70.924,3055600,0.0,0.0
2022-05-18,70.083,70.499,66.221,66.316,4770100,0.0,0.0
2022-05-19,66.458,67.823,65.823,66.657,3236600,0.27,0.0
2022-05-20,67.396,67.737,65.737,67.14,2932600,0.0,0.0
2022-05-23,67.794,68.363,67.017,68.098,2533000,0.0,0.0
2022-05-24,66.534,68.211,66.534,67.681,2867900,0.0,0.0
2022-05-25,67.14,68.335,66.856,67.955,2899000,0.0,0.0
2022-05-26,68.373,69.472,68.373,68.951,2654500,0.0,0.0
2022-05-27,69.415,70.847,69.415,70.837,2524500,0.0,0.0
2022-05-31,70.382,71.188,69.738,70.809,4678300,0.0,0.0
2022-06-01,71.131,71.472,70.183,70.316,2332500,0.0,0.0
2022-06-02,70.363,71.074,69.529,71.055,2535000,0.0,0.0
2022-06-03,70.031,70.581,69.387,69.728,2289800,0.0,0.0
2022-06-06,70.382,70.657,69.681,70.031,2051000,0.0,0.0
2022-06-07,69.396,70.411,69.178,70.23,2237400,0.0,0.0
2022-06-08,69.88,70.316,68.96,69.302,1654600,0.0,0.0
2022-06-09,69.093,69.396,67.055,67.083,2299700,0.0,0.0
2022-06-10,65.936,66.894,65.339,66.268,3390200,0.0,0.0
2022-06-13,64.827,66.183,63.936,64.353,4411300,0.0,0.0
2022-06-14,64.856,64.856,63.652,64.335,2372700,0.0,0.0
2022-06-15,64.97,65.851,63.946,64.922,2524600,0.0,0.0
2022-06-16,63.605,63.747,61.842,62.363,3612800,0.0,0.0
2022-06-17,62.789,63.519,62.022,63.036,5343600,0.0,0.0
2022-06-21,64.42,64.808,63.68,64.221,3415300,0.0,0.0
2022-06-22,63.491,64.515,63.207,63.965,3065600,0.0,0.0
2022-06-23,64.335,64.685,63.358,63.87,3215500,0.0,0.0
2022-06-24,64.6,66.657,64.458,66.6,3280400,0.0,0.0
2022-06-27,66.989,66.989,65.813,66.268,2530200,0.0,0.0
2022-06-28,66.325,66.771,64.477,64.562,2856900,0.0,0.0
2022-06-29,64.78,65.197,64.23,64.913,2026200,0.0,0.0
2022-06-30,64.05,64.761,63.557,63.974,2668300,0.0,0.0
2022-07-01,63.917,64.676,63.244,64.486,2006500,0.0,0.0
2022-07-05,63.927,64.24,62.647,64.192,3076400,0.0,0.0
2022-07-06,64.894,65.188,64.154,64.477,2668900,0.0,0.0
2022-07-07,64.676,64.837,63.216,64.06,3838300,0.0,0.0
2022-07-08,64.079,64.145,63.017,63.529,3234500,0.0,0.0
2022-07-11,62.97,62.988,61.747,62.278,3477800,0.0,0.0
2022-07-12,62.496,63.017,61.387,61.756,3475700,0.0,0.0
2022-07-13,60.932,61.946,60.486,61.652,3628300,0.0,0.0
2022-07-14,60.676,61.32,59.965,61.102,3173000,0.0,0.0
2022-07-15,62.041,62.477,61.349,62.429,7912900,0.0,0.0
2022-07-18,62.77,63.15,61.481,61.709,2998100,0.0,0.0
2022-07-19,62.657,63.993,62.278,63.908,3281900,0.0,0.0
2022-07-20,64.05,64.666,63.633,64.572,2701700,0.0,0.0
2022-07-21,64.638,65.415,64.391,65.387,2226900,0.0,0.0
2022-07-22,65.453,65.955,65.131,65.5,3616700,0.0,0.0
2022-07-25,65.605,65.718,64.24,64.666,2584400,0.0,0.0
2022-07-26,64.316,65.008,64.06,64.524,2825100,0.0,0.0
2022-07-27,64.846,66.865,64.657,66.638,4437100,0.0,0.0
2022-07-28,61.652,64.306,61.652,63.349,5442700,0.0,0.0
2022-07-29,63.709,64.467,63.263,64.42,6000000,0.0,0.0
2022-08-01,64.23,65.226,64.003,64.098,4960700,0.0,0.0
2022-08-02,64.098,64.562,62.903,64.05,3480700,0.0,0.0
2022-08-03,64.553,65.491,64.221,65.15,3044800,0.0,0.0
2022-08-04,65.159,65.519,64.524,65.159,3468000,0.0,0.0
2022-08-05,64.335,65.197,63.87,65.14,2002600,0.0,0.0
2022-08-08,65.491,66.031,64.856,65.235,2189100,0.0,0.0
2022-08-09,65.036,65.169,64.439,64.562,1990400,0.0,0.0
2022-08-10,65.662,66.06,65.169,65.444,2825800,0.0,0.0
2022-08-11,65.747,65.889,64.903,65.14,2986100,0.0,0.0
2022-08-12,65.586,66.325,65.415,66.145,3390100,0.0,0.0
2022-08-15,65.861,66.553,65.785,66.069,2116800,0.0,0.0
2022-08-16,66.145,66.742,65.69,66.297,2845100,0.0,0.0
2022-08-17,65.823,66.173,65.169,65.311,2570900,0.0,0.0
2022-08-18,65.311,65.958,65.044,65.787,1799000,0.27,0.0
2022-08-19,65.473,65.625,64.902,65.282,2139400,0.0,0.0
2022-08-22,64.245,64.816,63.293,63.674,1905300,0.0,0.0
2022-08-23,63.56,63.731,62.808,62.827,1603600,0.0,0.0
2022-08-24,62.799,62.998,62.332,62.789,2384800,0.0,0.0
2022-08-25,63.008,63.798,62.894,63.788,1799000,0.0,0.0
2022-08-26,63.864,63.902,61.457,61.571,2350900,0.0,0.0
2022-08-29,61.219,61.809,61.057,61.152,2583800,0.0,0.0
2022-08-30,61.285,61.533,60.543,61.105,3472800,0.0,0.0
2022-08-31,61.533,61.923,60.096,60.115,3029800,0.0,0.0
2022-09-01,59.772,60.41,59.192,60.372,2149900,0.0,0.0
2022-09-02,60.886,60.99,59.049,59.316,1819200,0.0,0.0
2022-09-06,59.458,59.592,58.611,59.211,2767900,0.0,0.0
2022-09-07,59.449,60.867,59.297,60.591,2290300,0.0,0.0
2022-09-08,60.096,61.247,59.896,61.238,2567900,0.0,0.0
2022-09-09,61.59,62.513,61.409,62.342,2261200,0.0,0.0
2022-09-12,62.913,63.37,62.789,63.113,1968700,0.0,0.0
2022-09-13,61.304,61.933,59.563,59.791,3832200,0.0,0.0
2022-09-14,59.887,59.887,58.735,59.03,3301500,0.0,0.0
2022-09-15,58.84,60.172,58.745,59.04,3196600,0.0,0.0
2022-09-16,58.554,59.611,57.898,59.192,6272100,0.0,0.0
2022-09-19,58.773,60.4,58.697,60.153,3635500,0.0,0.0
2022-09-20,59.687,59.858,58.621,58.963,2193600,0.0,0.0
2022-09-21,59.344,59.772,57.155,57.174,4066700,0.0,0.0
2022-09-22,57.07,57.612,56.746,56.908,3844900,0.0,0.0
2022-09-23,56.556,56.68,55.319,56.004,3006300,0.0,0.0
2022-09-26,55.937,56.527,55.557,55.852,2733100,0.0,0.0
2022-09-27,56.242,56.756,54.89,55.166,2753500,0.0,0.0
2022-09-28,55.338,56.718,54.909,56.394,4517100,0.0,0.0
2022-09-29,55.842,56.061,54.881,55.623,4541800,0.0,0.0
2022-09-30,55.728,56.07,54.643,54.662,3851500,0.0,0.0
2022-10-03,55.423,56.718,54.843,56.175,4771500,0.0,0.0
2022-10-04,56.813,58.059,56.775,57.726,5067700,0.0,0.0
2022-10-05,57.155,58.193,56.832,57.698,4690700,0.0,0.0
2022-10-06,57.441,57.517,56.584,56.822,2823100,0.0,0.0
2022-10-07,56.289,56.289,55.243,55.661,3675600,0.0,0.0
2022-10-10,56.194,56.261,55.024,55.338,2919200,0.0,0.0
2022-10-11,55.062,55.224,54.186,54.453,3216400,0.0,0.0
2022-10-12,54.51,54.614,53.986,54.005,2584300,0.0,0.0
2022-10-13,52.921,56.423,52.721,56.099,5212100,0.0,0.0
2022-10-14,56.318,56.727,55.49,55.766,3275700,0.0,0.0
2022-10-17,56.898,57.403,56.565,56.984,3551100,0.0,0.0
2022-10-18,58.107,58.83,57.346,57.783,4462900,0.0,0.0
2022-10-19,57.289,57.745,56.356,56.917,2356600,0.0,0.0
2022-10-20,57.127,58.193,56.746,56.889,3122200,0.0,0.0
2022-10-21,56.251,57.555,55.985,57.365,7847000,0.0,0.0
2022-10-24,57.812,58.297,57.327,57.821,4285900,0.0,0.0
2022-10-25,57.688,58.545,57.631,58.507,3214900,0.0,0.0
2022-10-26,58.373,59.791,58.345,58.668,2249800,0.0,0.0
2022-10-27,58.868,59.211,58.478,58.83,2543400,0.0,0.0
2022-10-28,58.878,60.039,58.84,59.972,2871800,0.0,0.0
2022-10-31,59.411,59.611,58.859,59.239,3759100,0.0,0.0
2022-11-01,59.677,59.963,59.049,59.506,2427000,0.0,0.0
2022-11-02,59.354,59.801,57.298,57.346,3989100,0.0,0.0
2022-11-03,49.59,51.141,48.848,49.447,8195500,0.0,0.0
2022-11-04,50.066,50.932,48.952,50.085,5169200,0.0,0.0
2022-11-07,50.361,51.246,49.942,51.15,5007300,0.0,0.0
2022-11-08,51.465,51.94,50.18,50.646,4411400,0.0,0.0
2022-11-09,50.351,51.817,50.189,51.407,5199500,0.0,0.0
2022-11-10,53.406,54.633,52.53,54.519,5478600,0.0,0.0
2022-11-11,54.805,55.928,54.605,55.595,3611000,0.0,0.0
2022-11-14,55.309,56.013,55.214,55.271,5063300,0.0,0.0
2022-11-15,56.299,57.117,55.766,57.06,5668600,0.0,0.0
2022-11-16,56.955,57.041,56.337,56.537,6229600,0.0,0.0
2022-11-17,55.485,57.378,55.447,56.852,4762000,0.27,0.0
2022-11-18,57.579,57.866,56.68,57.33,4813400,0.0,0.0
2022-11-21,57.034,57.129,55.409,55.638,2686200,0.0,0.0
2022-11-22,55.992,56.757,55.772,56.623,2764700,0.0,0.0
2022-11-23,56.46,57.655,56.422,57.388,3623200,0.0,0.0
2022-11-25,57.531,58.583,57.483,58.238,1607400,0.0,0.0
2022-11-28,57.856,58.487,57.359,57.455,3792600,0.0,0.0
2022-11-29,57.282,57.856,56.766,56.996,2184800,0.0,0.0
2022-11-30,56.948,59.596,56.766,59.472,4581900,0.0,0.0
2022-12-01,59.835,60.781,59.548,59.864,2682600,0.0,0.0
2022-12-02,58.908,60.112,58.831,59.644,3132200,0.0,0.0
2022-12-05,59.041,59.319,57.665,57.789,3480500,0.0,0.0
2022-12-06,57.655,57.99,56.451,57.015,2494000,0.0,0.0
2022-12-07,57.302,57.464,56.604,56.785,2577200,0.0,0.0
2022-12-08,56.776,57.177,56.355,56.69,4565700,0.0,0.0
2022-12-09,56.499,56.585,55.026,55.772,6282300,0.0,0.0
2022-12-12,55.619,56.747,55.237,56.441,7712100,0.0,0.0
2022-12-13,58.774,58.917,56.269,56.575,5222000,0.0,0.0
2022-12-14,56.604,57.12,55.16,55.667,4461400,0.0,0.0
2022-12-15,54.29,54.759,53.162,53.87,4896000,0.0,0.0
2022-12-16,53.353,53.506,52.531,53.114,8720800,0.0,0.0
2022-12-19,53.191,53.525,52.397,52.56,3315400,0.0,0.0
2022-12-20,52.464,53.153,52.187,52.617,4526000,0.0,0.0
2022-12-21,52.99,53.659,52.952,53.181,3954900,0.0,0.0
2022-12-22,52.646,53.038,51.862,53.019,4040600,0.0,0.0
2022-12-23,52.569,53.592,52.569,53.554,2155800,0.0,0.0
2022-12-27,53.506,54.099,53.133,53.994,3434700,0.0,0.0
2022-12-28,54.137,54.405,53.038,53.133,4965200,0.0,0.0
2022-12-29,53.736,54.835,53.592,54.615,7796600,0.0,0.0
2022-12-30,54.137,54.701,53.841,54.673,5540600,0.0,0.0
2023-01-03,55.103,55.543,54.548,55.055,2635800,0.0,0.0
2023-01-04,55.676,56.049,55.084,55.504,3066600,0.0,0.0
2023-01-05,54.491,55.093,54.281,55.036,2682600,0.0,0.0
2023-01-06,55.39,57.292,55.284,57.12,4411600,0.0,0.0
2023-01-09,55.992,58.458,55.982,58.181,6787100,0.0,0.0
2023-01-10,57.885,58.554,57.149,58.516,6993900,0.0,0.0
2023-01-11,58.975,59.472,58.344,58.793,4884600,0.0,0.0
2023-01-12,59.462,64.443,59.386,62.234,11756000,0.0,0.0
2023-01-13,61.556,62.234,60.906,61.24,5249500,0.0,0.0
2023-01-17,61.173,61.24,60.112,60.189,5486000,0.0,0.0
2023-01-18,60.227,60.495,58.162,58.305,5985400,0.0,0.0
2023-01-19,57.856,58.994,57.636,58.669,4856900,0.0,0.0
2023-01-20,59.051,60.303,58.688,59.978,10647300,0.0,0.0
2023-01-23,59.873,61.651,59.758,61.412,4119900,0.0,0.0
2023-01-24,61.154,61.68,60.858,61.106,3226800,0.0,0.0
2023-01-25,60.389,61.412,60.093,61.317,3932700,0.0,0.0
2023-01-26,61.814,61.871,60.886,61.814,3229500,0.0,0.0
2023-01-27,61.814,62.942,61.441,62.818,3849100,0.0,0.0
2023-01-30,62.177,62.999,62.091,62.397,7492900,0.0,0.0
2023-01-31,62.33,63.84,62.206,63.812,4195500,0.0,0.0
2023-02-01,63.449,66.24,63.257,65.81,5728700,0.0,0.0
2023-02-02,66.422,67.741,66.211,67.55,5879400,0.0,0.0
2023-02-03,63.114,66.383,63.085,65.217,7388400,0.0,0.0
2023-02-06,64.548,65.37,63.707,63.888,5334700,0.0,0.0
2023-02-07,63.563,64.835,63.238,64.548,4132300,0.0,0.0
2023-02-08,64.185,64.424,63.315,63.382,3862400,0.0,0.0
2023-02-09,63.764,64.672,63.343,63.697,5366400,0.0,0.0
2023-02-10,63.076,63.812,62.598,63.783,3282100,0.0,0.0
2023-02-13,63.716,65.016,63.477,64.844,5427900,0.0,0.0
2023-02-14,64.615,64.73,63.095,64.443,3674700,0.0,0.0
2023-02-15,63.907,64.366,63.668,64.175,3175700,0.0,0.0
2023-02-16,63.426,64.521,63.244,63.714,3067800,0.29,0.0
2023-02-17,63.426,63.551,62.476,62.869,3784900,0.0,0.0
2023-02-21,62.034,62.303,61.227,62.082,3808500,0.0,0.0
2023-02-22,62.168,62.543,61.621,61.871,5370900,0.0,0.0
2023-02-23,62.092,62.36,60.968,61.727,5659000,0.0,0.0
2023-02-24,60.959,61.41,60.613,61.285,2293600,0.0,0.0
2023-02-27,61.986,62.053,60.805,60.968,3122000,0.0,0.0
2023-02-28,60.767,60.901,59.989,60.133,3942300,0.0,0.0
2023-03-01,60.085,60.354,59.432,59.883,3089500,0.0,0.0
2023-03-02,59.614,60.152,59.384,60.037,3990500,0.0,0.0
2023-03-03,60.229,60.383,59.73,60.046,2028800,0.0,0.0
2023-03-06,60.354,61.179,59.979,60.114,3929200,0.0,0.0
2023-03-07,60.008,60.181,58.76,58.971,2423900,0.0,0.0
2023-03-08,59.134,59.49,58.75,59.077,4058200,0.0,0.0
2023-03-09,59.106,59.422,58.241,58.481,5330100,0.0,0.0
2023-03-10,58.52,58.693,57.665,57.973,10747000,0.0,0.0
2023-03-13,57.416,57.685,55.572,55.668,8749300,0.0,0.0
2023-03-14,56.36,57.214,55.611,56.11,4655200,0.0,0.0
2023-03-15,55.342,55.524,54.199,54.795,5062800,0.0,0.0
2023-03-16,54.401,56.196,54.334,56.072,6605300,0.0,0.0
2023-03-17,56.11,56.331,55.303,55.486,7122100,0.0,0.0
2023-03-20,55.582,56.542,55.572,56.36,3949100,0.0,0.0
2023-03-21,56.945,57.224,56.456,56.82,3837400,0.0,0.0
2023-03-22,56.734,56.888,55.111,55.15,3675400,0.0,0.0
2023-03-23,55.582,56.82,55.419,55.841,3666000,0.0,0.0
2023-03-24,55.467,56.34,54.958,56.312,3303000,0.0,0.0
2023-03-27,56.648,57.118,56.465,56.657,3136000,0.0,0.0
2023-03-28,56.513,56.83,56.235,56.6,1396200,0.0,0.0
2023-03-29,57.32,57.358,56.907,57.137,2941300,0.0,0.0
2023-03-30,57.608,57.809,57.022,57.425,2439600,0.0,0.0
2023-03-31,57.608,58.597,57.56,58.501,2925900,0.0,0.0
2023-04-03,58.347,58.962,58.155,58.923,3574000,0.0,0.0
2023-04-04,58.962,59.106,57.454,58.251,3667700,0.0,0.0
2023-04-05,58.049,58.731,57.838,58.241,3600200,0.0,0.0
2023-04-06,58.04,58.462,57.8,58.011,3211900,0.0,0.0
2023-04-10,57.685,58.693,57.464,58.674,1791400,0.0,0.0
2023-04-11,58.606,59.528,58.491,59.23,1865100,0.0,0.0
2023-04-12,59.499,59.595,57.742,57.877,3572800,0.0,0.0
2023-04-13,56.552,58.347,55.908,58.193,5310900,0.0,0.0
2023-04-14,57.992,58.174,57.147,57.646,3708700,0.0,0.0
2023-04-17,57.656,58.337,57.483,58.328,2843300,0.0,0.0
2023-04-18,58.875,58.904,57.982,58.683,3020600,0.0,0.0
2023-04-19,58.654,58.654,57.32,57.848,3121500,0.0,0.0
2023-04-20,57.483,57.915,57.041,57.579,3015200,0.0,0.0
2023-04-21,57.713,57.713,56.859,57.118,4937100,0.0,0.0
2023-04-24,57.185,57.445,56.859,57.128,2230100,0.0,0.0
2023-04-25,56.868,57.061,56.1,56.129,2807400,0.0,0.0
2023-04-26,56.081,56.6,55.774,56.072,2615400,0.0,0.0
2023-04-27,56.398,56.916,56.292,56.849,4363300,0.0,0.0
2023-04-28,56.993,57.425,56.916,57.329,3370200,0.0,0.0
2023-05-01,57.301,57.589,56.811,57.454,2978600,0.0,0.0
2023-05-02,57.473,57.569,56.139,57.012,2586900,0.0,0.0
2023-05-03,57.521,57.646,56.465,56.532,3577100,0.0,0.0
2023-05-04,59.72,62.821,59.576,60.354,6920500,0.0,0.0
2023-05-05,60.651,61.362,60.335,60.767,3853000,0.0,0.0
2023-05-08,60.776,60.959,58.866,59.182,4825100,0.0,0.0
2023-05-09,58.318,59.202,57.857,59.173,4752700,0.0,0.0
2023-05-10,59.691,60.239,59.154,60.066,2965600,0.0,0.0
2023-05-11,59.701,59.864,59.125,59.413,2903000,0.0,0.0
2023-05-12,59.586,59.854,58.866,59.202,4059100,0.0,0.0
2023-05-15,59.355,60.277,59.307,60.258,3677400,0.0,0.0
2023-05-16,60.21,60.21,59.422,59.509,3990300,0.0,0.0
2023-05-17,59.73,60.565,59.662,60.258,3888700,0.0,0.0
2023-05-18,60.258,61.415,59.833,61.367,3770400,0.29,0.0
2023-05-19,61.473,61.618,60.73,60.779,3194500,0.0,0.0
2023-05-22,60.779,61.936,60.701,61.743,3258100,0.0,0.0
2023-05-23,61.55,61.782,60.904,61.058,2894600,0.0,0.0
2023-05-24,60.769,60.943,60.229,60.393,2571300,0.0,0.0
2023-05-25,60.383,60.422,59.727,59.959,2130000,0.0,0.0
2023-05-26,59.959,60.846,59.959,60.653,2320500,0.0,0.0
2023-05-30,60.798,61.058,59.65,60.238,2704800,0.0,0.0
2023-05-31,59.737,60.73,59.573,60.277,5729300,0.0,0.0
2023-06-01,60.287,60.412,59.583,59.988,2969000,0.0,0.0
2023-06-02,60.769,61.685,60.325,61.502,3702400,0.0,0.0
2023-06-05,60.509,60.769,58.956,59.129,5868600,0.0,0.0
2023-06-06,59.187,60.113,59.139,59.968,2383500,0.0,0.0
2023-06-07,59.853,60.47,59.853,60.383,2522400,0.0,0.0
2023-06-08,60.547,60.547,59.698,60.094,2759500,0.0,0.0
2023-06-09,59.824,60.2,59.554,59.853,3322000,0.0,0.0
2023-06-12,59.853,61.232,59.833,61.078,6347900,0.0,0.0
2023-06-13,61.463,62.062,61.435,61.955,4648300,0.0,0.0
2023-06-14,61.936,62.563,61.348,61.454,3460700,0.0,0.0
2023-06-15,61.367,62.698,61.328,62.447,3143600,0.0,0.0
2023-06-16,62.206,63.258,62.013,62.775,5839400,0.0,0.0
2023-06-20,62.698,63.016,62.129,62.351,2253600,0.0,0.0
2023-06-21,62.11,62.206,60.904,60.943,3800500,0.0,0.0
2023-06-22,60.393,60.528,59.062,60.383,4184400,0.0,0.0
2023-06-23,59.698,60.103,59.216,59.843,9775100,0.0,0.0
2023-06-26,59.843,60.47,59.737,60.248,3074100,0.0,0.0
2023-06-27,60.663,61.271,60.074,60.894,5106900,0.0,0.0
2023-06-28,60.856,61.724,60.856,61.126,4163400,0.0,0.0
2023-06-29,61.01,62.274,60.943,62.254,2180800,0.0,0.0
2023-06-30,62.795,63.229,62.708,62.968,2832800,0.0,0.0
2023-07-03,62.553,63.238,62.351,63.238,1207200,0.0,0.0
2023-07-05,62.785,63.614,62.409,63.209,2467800,0.0,0.0
2023-07-06,62.698,62.746,61.84,62.418,1680500,0.0,0.0
2023-07-07,62.38,63.383,62.254,63.026,2920300,0.0,0.0
2023-07-10,62.997,64.579,62.949,64.28,3311800,0.0,0.0
2023-07-11,64.405,64.965,64.348,64.801,2478500,0.0,0.0
2023-07-12,65.303,65.582,64.531,64.791,2569900,0.0,0.0
2023-07-13,64.878,65.553,64.772,65.293,2657100,0.0,0.0
2023-07-14,65.293,66.209,65.245,66.171,3175700,0.0,0.0
2023-07-17,66.065,66.46,65.785,66.016,5452700,0.0,0.0
2023-07-18,66.103,66.904,66.074,66.72,3338500,0.0,0.0
2023-07-19,66.778,67.106,66.142,66.643,2897400,0.0,0.0
2023-07-20,65.11,65.235,63.499,64.396,4483600,0.0,0.0
2023-07-21,64.743,65.1,64.28,64.444,9160400,0.0,0.0
2023-07-24,64.531,65.418,64.512,65.061,4511200,0.0,0.0
2023-07-25,65.003,65.737,64.955,65.438,1588000,0.0,0.0
2023-07-26,65.196,65.524,64.782,65.36,2298100,0.0,0.0
2023-07-27,66.007,66.007,63.653,63.942,3297400,0.0,0.0
2023-07-28,64.145,64.415,62.949,63.431,4911000,0.0,0.0
2023-07-31,63.344,63.875,63.325,63.692,3111800,0.0,0.0
2023-08-01,63.441,63.634,62.843,63.518,2689200,0.0,0.0
2023-08-02,63.123,63.364,62.389,63.026,4792500,0.0,0.0
2023-08-03,67.521,69.315,65.949,67.974,10687900,0.0,0.0
2023-08-04,68.322,69.209,68.032,68.486,6268200,0.0,0.0
2023-08-07,68.968,70.135,68.563,68.804,3858300,0.0,0.0
2023-08-08,68.216,68.418,67.27,67.772,5515900,0.0,0.0
2023-08-09,67.888,67.965,66.855,67.463,3250700,0.0,0.0
2023-08-10,68.119,68.9,67.762,68.563,4131000,0.0,0.0
2023-08-11,68.1,68.216,67.511,67.598,2788800,0.0,0.0
2023-08-14,67.386,68.65,67.386,68.582,3620900,0.0,0.0
2023-08-15,68.389,68.437,66.682,66.923,5545700,0.0,0.0
2023-08-16,66.856,67.54,66.74,66.778,3636900,0.0,0.0
2023-08-17,66.855,67.531,66.45,66.634,3302800,0.0,0.0
2023-08-18,66.159,66.798,66.023,66.643,2924600,0.29,0.0
2023-08-21,66.556,66.856,66.207,66.605,3585000,0.0,0.0
2023-08-22,67.195,67.66,66.837,67.409,3472900,0.0,0.0
2023-08-23,67.719,68.445,67.554,68.251,3031800,0.0,0.0
2023-08-24,68.087,68.726,67.825,67.835,2520100,0.0,0.0
2023-08-25,68.154,68.561,67.147,67.864,2031600,0.0,0.0
2023-08-28,68.009,68.736,68.009,68.406,2078100,0.0,0.0
2023-08-29,68.561,69.181,68.174,69.162,2323100,0.0,0.0
2023-08-30,69.162,69.472,68.958,69.249,2058100,0.0,0.0
2023-08-31,69.259,69.598,69.152,69.365,2329300,0.0,0.0
2023-09-01,69.743,70.092,69.201,69.481,1744000,0.0,0.0
2023-09-05,69.423,69.472,68.726,68.745,2187000,0.0,0.0
2023-09-06,68.629,69.443,68.532,69.065,1900900,0.0,0.0
2023-09-07,68.852,69.142,68.552,69.017,2328400,0.0,0.0
2023-09-08,69.142,69.481,68.862,69.104,1823300,0.0,0.0
2023-09-11,69.394,69.656,68.716,69.094,1794300,0.0,0.0
2023-09-12,68.426,68.862,67.844,67.932,2512000,0.0,0.0
2023-09-13,68.038,68.629,67.874,68.484,2833300,0.0,0.0
2023-09-14,68.774,69.123,68.445,68.745,2351200,0.0,0.0
2023-09-15,68.581,68.707,67.689,67.97,9871500,0.0,0.0
2023-09-18,68.067,68.707,67.883,68.019,4788900,0.0,0.0
2023-09-19,67.66,67.99,66.885,67.893,5046500,0.0,0.0
2023-09-20,68.096,69.026,67.302,67.331,3550100,0.0,0.0
2023-09-21,67.031,67.738,66.808,67.04,2585000,0.0,0.0
2023-09-22,67.011,67.903,66.827,67.428,2048400,0.0,0.0
2023-09-25,67.225,67.67,67.07,67.544,3463800,0.0,0.0
2023-09-26,67.438,67.573,66.227,66.488,3122600,0.0,0.0
2023-09-27,66.876,66.876,65.636,66.062,3222000,0.0,0.0
2023-09-28,65.103,66.111,64.968,65.713,4173200,0.0,0.0
2023-09-29,65.897,66.266,65.374,65.617,2866300,0.0,0.0
2023-10-02,65.403,65.859,65.113,65.636,3246500,0.0,0.0
2023-10-03,65.268,65.83,64.871,65.19,4139600,0.0,0.0
2023-10-04,65.374,65.52,64.803,65.423,2714900,0.0,0.0
2023-10-05,65.345,65.646,64.658,65.578,2193000,0.0,0.0
2023-10-06,65.084,66.033,64.725,65.713,2171100,0.0,0.0
2023-10-09,65.316,66.227,65.074,66.043,1584400,0.0,0.0
2023-10-10,65.994,66.353,65.374,65.733,3083800,0.0,0.0
2023-10-11,65.994,66.45,65.897,66.198,2391100,0.0,0.0
2023-10-12,66.072,66.072,63.641,63.892,3144300,0.0,0.0
2023-10-13,63.883,64.309,63.108,63.718,3259200,0.0,0.0
2023-10-16,64.028,64.803,63.892,64.677,5399800,0.0,0.0
2023-10-17,64.474,65.248,64.319,65.064,2478800,0.0,0.0
2023-10-18,64.706,65.093,63.766,63.96,4496800,0.0,0.0
2023-10-19,64.076,64.27,63.176,63.389,2353100,0.0,0.0
2023-10-20,64.377,64.454,63.621,63.679,2584700,0.0,0.0
2023-10-23,63.631,63.931,62.904,62.982,2193900,0.0,0.0
2023-10-24,63.137,63.737,62.662,63.108,2988700,0.0,0.0
2023-10-25,62.895,62.992,61.965,62.081,2314400,0.0,0.0
2023-10-26,62.071,62.352,61.335,61.432,2812900,0.0,0.0
2023-10-27,61.354,61.81,60.822,61.316,2724300,0.0,0.0
2023-10-30,61.674,61.916,61.219,61.752,2514300,0.0,0.0
2023-10-31,61.926,62.565,61.926,62.449,3118900,0.0,0.0
2023-11-01,62.372,63.166,62.158,62.924,5497400,0.0,0.0
2023-11-02,60.638,61.819,60.192,61.655,6856800,0.0,0.0
2023-11-03,62.042,64.822,62.042,64.193,3849700,0.0,0.0
2023-11-06,64.173,64.386,63.747,64.202,2452900,0.0,0.0
2023-11-07,64.493,64.493,63.631,63.708,3091900,0.0,0.0
2023-11-08,63.873,63.892,63.224,63.466,3562800,0.0,0.0
2023-11-09,63.524,63.602,62.468,62.623,3613400,0.0,0.0
2023-11-10,62.904,63.98,62.73,63.883,2665900,0.0,0.0
2023-11-13,63.708,64.028,63.292,63.621,1937100,0.0,0.0
2023-11-14,64.716,65.423,64.638,65.268,2698900,0.0,0.0
2023-11-15,65.278,66.634,65.21,66.266,3046400,0.0,0.0
2023-11-16,66.517,67.147,66.091,66.333,3152500,0.0,0.0
2023-11-17,66.634,67.544,66.624,67.35,4257400,0.0,0.0
2023-11-20,67.263,68.109,67.078,67.895,2404400,0.29,0.0
2023-11-21,68.012,68.576,67.905,68.333,2375200,0.0,0.0
2023-11-22,68.566,69.315,68.566,68.946,2432600,0.0,0.0
2023-11-24,68.994,69.549,68.994,69.228,1410700,0.0,0.0
2023-11-27,69.014,69.354,68.829,68.839,2769300,0.0,0.0
2023-11-28,68.771,69.568,68.771,69.354,2607400,0.0,0.0
2023-11-29,69.646,69.841,67.992,68.206,3521700,0.0,0.0
2023-11-30,68.469,68.596,67.895,68.459,8254400,0.0,0.0
2023-12-01,68.313,68.936,68.168,68.887,2672600,0.0,0.0
2023-12-04,68.479,69.529,68.304,69.218,2405100,0.0,0.0
2023-12-05,68.907,69.101,67.983,68.216,2832900,0.0,0.0
2023-12-06,68.479,68.975,68.129,68.206,2288900,0.0,0.0
2023-12-07,68.489,68.625,68.031,68.498,2749000,0.0,0.0
2023-12-08,68.031,68.634,68.031,68.411,1765300,0.0,0.0
2023-12-11,68.615,69.899,68.489,69.724,4844300,0.0,0.0
2023-12-12,69.792,70.298,69.559,70.084,2203000,0.0,0.0
2023-12-13,70.269,71.212,69.763,71.183,5279300,0.0,0.0
2023-12-14,71.786,73.06,71.65,72.642,6105000,0.0,0.0
2023-12-15,73.148,74.549,72.953,74.091,9195800,0.0,0.0
2023-12-18,74.169,74.753,73.595,73.829,6026600,0.0,0.0
2023-12-19,73.342,73.858,72.875,73.372,5067800,0.0,0.0
2023-12-20,73.294,73.459,72.0,72.01,3271500,0.0,0.0
2023-12-21,72.545,72.73,71.621,72.136,3214900,0.0,0.0
2023-12-22,72.331,73.167,72.165,73.099,1972300,0.0,0.0
2023-12-26,73.099,73.449,72.642,73.41,1801800,0.0,0.0
2023-12-27,73.566,73.654,73.245,73.537,2189400,0.0,0.0
2023-12-28,73.615,74.023,73.44,73.77,1440300,0.0,0.0
2023-12-29,73.615,73.8,73.012,73.469,1725300,0.0,0.0
2024-01-02,73.226,73.303,71.971,72.37,4277800,0.0,0.0
2024-01-03,71.961,72.263,71.416,71.66,3282400,0.0,0.0
2024-01-04,71.767,72.263,71.504,71.582,2100900,0.0,0.0
2024-01-05,70.813,71.465,70.706,70.852,2590200,0.0,0.0
2024-01-08,71.008,71.708,70.755,71.679,2863200,0.0,0.0
2024-01-09,71.105,71.358,70.784,71.163,2632500,0.0,0.0
2024-01-10,70.979,71.63,70.755,71.348,2562500,0.0,0.0
2024-01-11,71.854,72.875,71.553,72.837,4454600,0.0,0.0
2024-01-12,73.265,76.28,73.051,75.842,6351700,0.0,0.0
2024-01-16,75.541,75.687,73.702,74.121,3942500,0.0,0.0
2024-01-17,73.683,74.179,73.187,73.634,5570100,0.0,0.0
2024-01-18,73.78,74.587,73.148,73.595,4693500,0.0,0.0
2024-01-19,73.644,75.064,73.537,74.782,7178400,0.0,0.0
2024-01-22,75.074,75.589,74.977,75.161,2452800,0.0,0.0
2024-01-23,75.404,75.531,74.733,75.006,2263100,0.0,0.0
2024-01-24,75.434,75.434,74.636,74.85,3473400,0.0,0.0
2024-01-25,75.667,76.533,75.667,76.163,5396700,0.0,0.0
2024-01-26,76.416,76.737,74.938,75.171,2481200,0.0,0.0
2024-01-29,74.821,75.998,74.821,75.745,3223500,0.0,0.0
2024-01-30,75.19,75.813,75.093,75.482,3377900,0.0,0.0
2024-01-31,75.531,76.552,74.869,75.015,3316000,0.0,0.0
2024-02-01,75.239,75.823,74.451,75.755,2530500,0.0,0.0
2024-02-02,75.366,76.066,75.045,75.764,4500600,0.0,0.0
2024-02-05,75.161,75.628,74.539,75.473,2472300,0.0,0.0
2024-02-06,75.706,76.776,75.638,76.581,6513100,0.0,0.0
2024-02-07,73.576,76.727,73.362,75.871,5302300,0.0,0.0
2024-02-08,75.998,76.513,75.249,76.163,3173800,0.0,0.0
2024-02-09,76.426,76.436,74.772,74.996,5330000,0.0,0.0
2024-02-12,74.646,74.782,73.479,74.442,5249600,0.0,0.0
2024-02-13,73.479,73.994,72.749,73.44,3214900,0.0,0.0
2024-02-14,73.838,74.733,73.722,74.646,2729600,0.0,0.0
2024-02-15,75.035,75.91,74.986,75.891,4396200,0.0,0.0
2024-02-16,75.696,75.949,75.051,75.188,2125900,0.3,0.0
2024-02-20,75.1,75.569,74.563,74.934,4622000,0.0,0.0
2024-02-21,74.455,75.705,74.329,75.647,3507500,0.0,0.0
2024-02-22,76.555,77.805,76.281,77.59,3771500,0.0,0.0
2024-02-23,77.727,78.205,77.561,77.941,3858300,0.0,0.0
2024-02-26,77.707,78.059,77.092,77.639,3442500,0.0,0.0
2024-02-27,77.727,77.912,76.897,77.277,1779700,0.0,0.0
2024-02-28,77.082,77.219,76.389,76.633,3095800,0.0,0.0
2024-02-29,77.512,77.824,76.594,77.16,6272400,0.0,0.0
2024-03-01,77.043,77.648,76.682,76.76,4516500,0.0,0.0
2024-03-04,76.662,77.805,76.633,77.219,7360000,0.0,0.0
2024-03-05,76.779,77.121,75.715,75.949,4556100,0.0,0.0
2024-03-06,76.701,77.092,74.582,74.885,6748900,0.0,0.0
2024-03-07,75.237,76.125,75.237,75.637,4783700,0.0,0.0
2024-03-08,75.373,75.705,74.787,74.963,5061500,0.0,0.0
2024-03-11,75.041,75.49,74.66,75.149,3015600,0.0,0.0
2024-03-12,75.09,75.598,74.924,75.276,2575700,0.0,0.0
2024-03-13,75.324,75.549,74.953,75.207,4120900,0.0,0.0
2024-03-14,75.139,75.324,74.094,74.553,3635500,0.0,0.0
2024-03-15,74.455,74.768,73.362,73.557,6883400,0.0,0.0
2024-03-18,74.084,74.28,73.245,73.323,11544200,0.0,0.0
2024-03-19,73.069,73.596,72.776,72.893,7622500,0.0,0.0
2024-03-20,72.717,73.625,72.19,73.381,6438600,0.0,0.0
2024-03-21,71.751,73.918,70.706,70.872,7625100,0.0,0.0
2024-03-22,70.901,70.911,69.915,70.208,5802200,0.0,0.0
2024-03-25,70.305,70.852,70.1,70.315,4257400,0.0,0.0
2024-03-26,70.55,70.843,70.218,70.696,5329800,0.0,0.0
2024-03-27,71.194,71.917,71.194,71.887,2880900,0.0,0.0
2024-03-28,71.673,72.327,71.419,71.565,11104800,0.0,0.0
2024-04-01,71.018,71.028,69.876,70.061,5095300,0.0,0.0
2024-04-02,69.837,70.364,69.729,69.993,5553100,0.0,0.0
2024-04-03,69.729,70.686,69.583,70.149,3748500,0.0,0.0
2024-04-04,70.667,71.096,69.632,69.925,3655200,0.0,0.0
2024-04-05,69.817,70.061,69.397,69.456,5175800,0.0,0.0
2024-04-08,69.456,69.866,69.143,69.388,4595800,0.0,0.0
2024-04-09,69.329,70.061,69.329,69.876,3157500,0.0,0.0
2024-04-10,69.329,69.378,68.06,68.323,3221900,0.0,0.0
2024-04-11,68.362,69.231,68.362,68.909,3799300,0.0,0.0
2024-04-12,68.333,68.382,67.396,67.63,2806100,0.0,0.0
2024-04-15,68.372,68.587,66.761,66.81,2953800,0.0,0.0
2024-04-16,67.054,67.2,66.282,66.331,2282200,0.0,0.0
2024-04-17,66.81,66.917,65.902,65.95,2538700,0.0,0.0
2024-04-18,65.413,66.4,65.033,65.55,4601900,0.0,0.0
2024-04-19,65.716,66.009,65.404,65.853,4889500,0.0,0.0
2024-04-22,66.224,66.937,65.775,66.595,3050900,0.0,0.0
2024-04-23,66.487,66.79,65.96,66.175,2819800,0.0,0.0
2024-04-24,66.165,66.361,65.589,65.931,4256100,0.0,0.0
2024-04-25,65.57,65.911,64.642,65.189,3459900,0.0,0.0
2024-04-26,64.886,65.618,64.886,65.365,2818900,0.0,0.0
2024-04-29,65.491,66.292,64.935,64.964,5123100,0.0,0.0
2024-04-30,64.661,65.228,64.017,64.134,3858400,0.0,0.0
2024-05-01,63.958,64.71,63.763,63.832,4873600,0.0,0.0
2024-05-02,65.814,66.282,64.017,64.71,8585800,0.0,0.0
2024-05-03,65.111,65.687,64.603,64.691,7399700,0.0,0.0
2024-05-06,64.945,65.384,64.496,64.857,2342900,0.0,0.0
2024-05-07,64.876,66.116,64.876,66.068,3086700,0.0,0.0
2024-05-08,65.98,66.292,65.775,66.126,4578300,0.0,0.0
2024-05-09,65.863,66.038,64.788,65.228,2299400,0.0,0.0
2024-05-10,65.14,65.55,65.101,65.404,4825200,0.0,0.0
2024-05-13,65.882,66.605,65.736,66.273,3134700,0.0,0.0
2024-05-14,66.439,67.132,65.98,66.185,1893200,0.0,0.0
2024-05-15,66.478,67.435,66.204,67.239,3329600,0.0,0.0
2024-05-16,67.425,69.056,67.269,68.675,6126700,0.0,0.0
2024-05-17,68.626,68.822,66.87,67.429,4384900,0.3,0.0
2024-05-20,67.675,68.341,67.42,68.233,2584500,0.0,0.0
2024-05-21,67.978,67.988,67.194,67.459,2704300,0.0,0.0
2024-05-22,67.586,67.969,67.439,67.714,2961000,0.0,0.0
2024-05-23,68.037,68.312,66.939,67.145,2149900,0.0,0.0
2024-05-24,67.145,67.576,66.929,66.998,1860100,0.0,0.0
2024-05-28,66.723,66.91,65.252,65.566,2785400,0.0,0.0
2024-05-29,65.115,65.223,64.782,64.84,2365900,0.0,0.0
2024-05-30,64.674,64.733,63.114,63.526,5734700,0.0,0.0
2024-05-31,63.526,64.938,63.114,64.87,4523000,0.0,0.0
2024-06-03,64.87,65.007,63.84,64.507,4379100,0.0,0.0
2024-06-04,64.154,64.713,63.811,64.085,2464700,0.0,0.0
2024-06-05,64.272,64.546,63.801,64.252,1655200,0.0,0.0
2024-06-06,64.213,65.233,64.076,65.027,5498400,0.0,0.0
2024-06-07,64.909,65.458,64.546,64.664,1460400,0.0,0.0
2024-06-10,64.605,66.066,64.409,65.949,4143700,0.0,0.0
2024-06-11,65.772,65.909,64.821,65.674,2070200,0.0,0.0
2024-06-12,65.831,65.88,64.585,65.017,5382800,0.0,0.0
2024-06-13,64.772,64.772,63.301,63.36,2728800,0.0,0.0
2024-06-14,63.301,63.566,62.683,63.016,2579600,0.0,0.0
2024-06-17,62.771,64.429,62.556,64.252,2956700,0.0,0.0
2024-06-18,64.311,64.88,64.203,64.536,3406600,0.0,0.0
2024-06-20,66.253,67.253,65.399,66.821,4226100,0.0,0.0
2024-06-21,67.125,67.478,66.331,67.017,6412600,0.0,0.0
2024-06-24,66.919,67.861,66.694,67.351,2461600,0.0,0.0
2024-06-25,67.547,68.341,66.978,67.567,2770600,0.0,0.0
2024-06-26,67.008,67.361,66.576,66.978,4218400,0.0,0.0
2024-06-27,66.802,67.194,66.243,66.419,8942700,0.0,0.0
2024-06-28,66.615,67.027,66.331,66.684,5939400,0.0,0.0
2024-07-01,66.537,66.87,65.939,66.429,2127100,0.0,0.0
2024-07-02,66.458,67.361,66.39,67.282,5075300,0.0,0.0
2024-07-03,67.312,67.39,66.87,66.978,1230300,0.0,0.0
2024-07-05,66.753,66.87,66.341,66.684,1501200,0.0,0.0
2024-07-08,66.508,66.851,65.919,66.243,2264300,0.0,0.0
2024-07-09,66.086,66.38,65.566,65.596,2109500,0.0,0.0
2024-07-10,65.635,66.566,65.262,66.517,3483300,0.0,0.0
2024-07-11,66.566,69.038,66.566,68.783,6550600,0.0,0.0
2024-07-12,69.018,70.911,68.998,70.146,6434900,0.0,0.0
2024-07-15,69.783,71.695,69.695,71.028,2999200,0.0,0.0
2024-07-16,71.509,72.47,71.323,72.362,2635100,0.0,0.0
2024-07-17,72.342,73.666,72.244,73.254,3016400,0.0,0.0
2024-07-18,73.254,75.843,73.137,74.5,5156700,0.0,0.0
2024-07-19,73.951,74.382,72.646,72.892,5069000,0.0,0.0
2024-07-22,73.205,73.735,72.656,73.705,4135200,0.0,0.0
2024-07-23,73.46,73.46,72.176,72.46,5753100,0.0,0.0
2024-07-24,72.352,72.489,70.989,71.283,4094700,0.0,0.0
2024-07-25,71.391,72.95,71.195,71.793,4982300,0.0,0.0
2024-07-26,71.715,73.519,71.421,73.127,5126900,0.0,0.0
2024-07-29,73.392,73.392,72.597,73.097,4825400,0.0,0.0
2024-07-30,73.372,74.814,73.068,74.353,7283700,0.0,0.0
2024-07-31,74.833,74.833,73.666,74.215,3860400,0.0,0.0
2024-08-01,76.491,78.717,73.941,74.833,6668000,0.0,0.0
2024-08-02,74.637,74.637,72.205,72.568,4043700,0.0,0.0
2024-08-05,71.774,72.264,70.165,70.342,5956500,0.0,0.0
2024-08-06,70.567,72.489,70.401,71.244,2664600,0.0,0.0
2024-08-07,72.254,72.95,71.685,71.754,3887800,0.0,0.0
2024-08-08,71.656,72.813,71.656,72.303,3796600,0.0,0.0
2024-08-09,72.303,73.137,71.793,72.98,7783400,0.0,0.0
2024-08-12,72.97,73.176,71.685,71.725,3853300,0.0,0.0
2024-08-13,71.921,72.95,71.921,72.833,2458500,0.0,0.0
2024-08-14,72.431,73.156,72.431,72.941,1622800,0.0,0.0
2024-08-15,73.549,74.264,73.245,74.009,2601600,0.0,0.0
2024-08-16,74.176,74.412,73.627,74.392,2193700,0.0,0.0
2024-08-19,74.392,75.01,74.274,74.519,2155300,0.0,0.0
2024-08-20,74.529,74.815,74.185,74.293,1686400,0.3,0.0
2024-08-21,74.608,75.534,74.421,75.435,3225000,0.0,0.0
2024-08-22,75.435,75.74,74.972,75.09,1910800,0.0,0.0
2024-08-23,75.435,75.77,75.031,75.494,1719500,0.0,0.0
2024-08-26,75.937,76.252,75.504,75.622,2483300,0.0,0.0
2024-08-27,75.455,75.986,75.317,75.957,4533900,0.0,0.0
2024-08-28,76.095,76.961,75.494,75.681,1990300,0.0,0.0
2024-08-29,75.986,76.331,75.218,75.947,3347700,0.0,0.0
2024-08-30,76.193,76.666,75.839,76.567,3383200,0.0,0.0
2024-09-03,76.075,76.843,75.218,75.583,3506800,0.0,0.0
2024-09-04,75.455,76.321,75.317,76.124,2491400,0.0,0.0
2024-09-05,76.124,76.144,75.366,75.573,2774500,0.0,0.0
2024-09-06,75.809,76.311,74.559,74.667,2510400,0.0,0.0
2024-09-09,75.071,75.563,74.903,74.953,3161500,0.0,0.0
2024-09-10,75.346,75.465,74.746,75.366,1928200,0.0,0.0
2024-09-11,75.169,75.228,73.604,75.12,2580400,0.0,0.0
2024-09-12,75.258,75.543,74.382,75.13,1996600,0.0,0.0
2024-09-13,75.366,76.114,75.346,76.016,2371700,0.0,0.0
2024-09-16,76.331,76.705,75.858,76.666,1946300,0.0,0.0
2024-09-17,76.912,77.06,74.657,75.041,2578800,0.0,0.0
2024-09-18,74.687,75.09,74.027,74.185,2043700,0.0,0.0
2024-09-19,75.15,75.346,73.879,74.037,3083500,0.0,0.0
2024-09-20,74.057,74.48,73.633,74.47,5605100,0.0,0.0
2024-09-23,74.608,74.992,74.106,74.943,6565600,0.0,0.0
2024-09-24,75.051,75.386,74.834,74.864,2670500,0.0,0.0
2024-09-25,74.657,75.258,74.283,74.362,1766800,0.0,0.0
2024-09-26,76.036,76.361,75.612,76.006,3626600,0.0,0.0
2024-09-27,76.272,76.41,75.494,75.701,4426000,0.0,0.0
2024-09-30,75.809,76.105,75.022,75.986,2665700,0.0,0.0
2024-10-01,75.957,76.203,74.569,74.913,2356600,0.0,0.0
2024-10-02,74.618,75.671,74.441,75.573,3571100,0.0,0.0
2024-10-03,75.297,75.612,74.844,75.346,2587300,0.0,0.0
2024-10-04,76.075,76.548,75.445,75.947,1528500,0.0,0.0
2024-10-07,75.583,75.632,74.588,74.825,1585000,0.0,0.0
2024-10-08,75.012,75.307,74.224,74.953,2756900,0.0,0.0
2024-10-09,74.903,75.78,74.903,75.612,1420100,0.0,0.0
2024-10-10,75.081,75.14,73.121,73.348,3545300,0.0,0.0
2024-10-11,73.427,74.903,73.387,74.766,2800300,0.0,0.0
2024-10-14,74.962,75.642,74.815,75.583,2025000,0.0,0.0
2024-10-15,75.75,76.518,75.465,76.183,3863700,0.0,0.0
2024-10-16,76.282,76.607,76.075,76.4,2351900,0.0,0.0
2024-10-17,76.41,76.794,75.691,76.538,2012500,0.0,0.0
2024-10-18,76.538,76.843,76.144,76.794,3058500,0.0,0.0
2024-10-21,76.557,76.764,75.573,75.681,1884200,0.0,0.0
2024-10-22,75.445,75.573,74.49,74.647,1866600,0.0,0.0
2024-10-23,74.47,75.071,74.244,74.894,2083700,0.0,0.0
2024-10-24,75.051,75.238,73.535,73.702,6106700,0.0,0.0
2024-10-25,74.027,74.362,73.476,73.663,4909100,0.0,0.0
2024-10-28,74.244,74.677,73.673,73.82,3441500,0.0,0.0
2024-10-29,73.702,74.756,73.407,74.352,4020900,0.0,0.0
2024-10-30,73.623,74.234,73.121,73.2,3266600,0.0,0.0
2024-10-31,76.626,76.794,73.417,73.436,6074400,0.0,0.0
2024-11-01,73.24,73.752,71.979,73.456,4101200,0.0,0.0
2024-11-04,73.308,74.135,73.131,73.742,4665100,0.0,0.0
2024-11-05,73.919,74.894,73.761,74.224,2671100,0.0,0.0
2024-11-06,76.813,78.202,76.282,78.172,4232900,0.0,0.0
2024-11-07,78.271,80.269,78.172,80.102,5172800,0.0,0.0
2024-11-08,80.102,80.486,78.91,79.068,3994400,0.0,0.0
2024-11-11,79.324,80.919,79.304,80.24,1947000,0.0,0.0
2024-11-12,80.21,80.663,80.003,80.476,1910500,0.0,0.0
2024-11-13,80.407,81.136,80.013,81.047,4839100,0.0,0.0
2024-11-14,80.673,80.998,79.413,79.521,3264900,0.0,0.0
2024-11-15,79.255,79.275,75.888,75.917,5411800,0.0,0.0
2024-11-18,76.026,76.646,75.642,75.681,4412600,0.0,0.0
2024-11-19,75.019,75.74,74.288,75.434,5078800,0.3,0.0
2024-11-20,75.286,76.699,75.246,76.67,4883300,0.0,0.0
2024-11-21,76.897,78.132,76.492,77.945,5436200,0.0,0.0
2024-11-22,78.014,79.101,77.846,78.617,2720800,0.0,0.0
2024-11-25,79.368,79.882,79.091,79.694,3074200,0.0,0.0
2024-11-26,79.803,80.218,78.785,80.119,2828900,0.0,0.0
2024-11-27,79.921,80.04,79.081,79.813,1456400,0.0,0.0
2024-11-29,79.684,80.04,79.279,79.556,1399500,0.0,0.0
2024-12-02,79.259,80.08,79.042,79.882,2984000,0.0,0.0
2024-12-03,79.259,79.645,78.676,79.052,2372500,0.0,0.0
2024-12-04,79.467,79.882,79.269,79.645,1914800,0.0,0.0
2024-12-05,79.328,79.981,79.2,79.793,1823000,0.0,0.0
2024-12-06,80.287,80.455,79.921,80.208,2657000,0.0,0.0
2024-12-09,80.06,80.544,79.566,79.704,2639400,0.0,0.0
2024-12-10,79.22,79.902,78.459,79.131,2456700,0.0,0.0
2024-12-11,79.655,80.87,79.388,80.307,2150600,0.0,0.0
2024-12-12,80.129,80.653,79.398,79.437,1869300,0.0,0.0
2024-12-13,79.121,79.714,78.567,79.131,2698700,0.0,0.0
2024-12-16,79.407,80.03,78.923,79.763,2587100,0.0,0.0
2024-12-17,80.376,81.503,79.931,80.089,3368500,0.0,0.0
2024-12-18,79.743,80.762,77.332,77.352,2771700,0.0,0.0
2024-12-19,77.727,79.15,77.727,78.567,3391200,0.0,0.0
2024-12-20,77.866,79.338,77.421,78.31,5945900,0.0,0.0
2024-12-23,77.846,78.508,77.697,78.083,2526500,0.0,0.0
2024-12-24,77.964,78.597,77.737,78.567,917200,0.0,0.0
2024-12-26,78.261,79.141,78.113,78.963,1639800,0.0,0.0
2024-12-27,78.3,79.19,77.668,78.281,1962400,0.0,0.0
2024-12-30,77.539,77.688,74.752,75.859,3208900,0.0,0.0
